<?xml version="1.0" encoding="UTF-8"?>
<configurationDescriptor version="100">
  <logicalFolder name="root" displayName="root" projectFiles="true" kind="ROOT">
    <logicalFolder name="HeaderFiles"
                   displayName="Arquivos de Cabeçalho"
                   projectFiles="true">
      <itemPath>Banco.h</itemPath>
      <itemPath>Cliente.h</itemPath>
      <itemPath>Conta.h</itemPath>
      <itemPath>ContaCorrente.h</itemPath>
      <itemPath>ContaPoupanca.h</itemPath>
      <itemPath>Data.h</itemPath>
      <itemPath>Lancamentos.h</itemPath>
      <itemPath>PessoaFisica.h</itemPath>
      <itemPath>PessoaJuridica.h</itemPath>
    </logicalFolder>
    <logicalFolder name="SourceFiles"
                   displayName="Arquivos de Código-Fonte"
                   projectFiles="true">
      <itemPath>Banco.cpp</itemPath>
      <itemPath>Cliente.cpp</itemPath>
      <itemPath>Conta.cpp</itemPath>
      <itemPath>ContaCorrente.cpp</itemPath>
      <itemPath>ContaPoupanca.cpp</itemPath>
      <itemPath>Data.cpp</itemPath>
      <itemPath>Lancamentos.cpp</itemPath>
      <itemPath>PessoaFisica.cpp</itemPath>
      <itemPath>PessoaJuridica.cpp</itemPath>
      <itemPath>main.cpp</itemPath>
    </logicalFolder>
    <logicalFolder name="ResourceFiles"
                   displayName="Arquivos de Recurso"
                   projectFiles="true">
    </logicalFolder>
    <logicalFolder name="TestFiles"
                   displayName="Arquivos de Teste"
                   projectFiles="false"
                   kind="TEST_LOGICAL_FOLDER">
    </logicalFolder>
    <logicalFolder name="ExternalFiles"
                   displayName="Arquivos Importantes"
                   projectFiles="false"
                   kind="IMPORTANT_FILES_FOLDER">
      <itemPath>Makefile</itemPath>
    </logicalFolder>
    <itemPath>caso1.txt</itemPath>
    <itemPath>caso2.txt</itemPath>
    <itemPath>caso3.txt</itemPath>
    <itemPath>caso4.txt</itemPath>
  </logicalFolder>
  <projectmakefile>Makefile</projectmakefile>
  <confs>
    <conf name="Debug" type="1">
      <toolsSet>
        <compilerSet>default</compilerSet>
        <dependencyChecking>true</dependencyChecking>
        <rebuildPropChanged>false</rebuildPropChanged>
      </toolsSet>
      <compileType>
      </compileType>
      <item path="Banco.cpp" ex="false" tool="1" flavor2="0">
      </item>
      <item path="Banco.h" ex="false" tool="3" flavor2="0">
      </item>
      <item path="Cliente.cpp" ex="false" tool="1" flavor2="0">
      </item>
      <item path="Cliente.h" ex="false" tool="3" flavor2="0">
      </item>
      <item path="Conta.cpp" ex="false" tool="1" flavor2="0">
      </item>
      <item path="Conta.h" ex="false" tool="3" flavor2="0">
      </item>
      <item path="ContaCorrente.cpp" ex="false" tool="1" flavor2="0">
      </item>
      <item path="ContaCorrente.h" ex="false" tool="3" flavor2="0">
      </item>
      <item path="ContaPoupanca.cpp" ex="false" tool="1" flavor2="0">
      </item>
      <item path="ContaPoupanca.h" ex="false" tool="3" flavor2="0">
      </item>
      <item path="Data.cpp" ex="false" tool="1" flavor2="0">
      </item>
      <item path="Data.h" ex="false" tool="3" flavor2="0">
      </item>
      <item path="Lancamentos.cpp" ex="false" tool="1" flavor2="0">
      </item>
      <item path="Lancamentos.h" ex="false" tool="3" flavor2="0">
      </item>
      <item path="PessoaFisica.cpp" ex="false" tool="1" flavor2="0">
      </item>
      <item path="PessoaFisica.h" ex="false" tool="3" flavor2="0">
      </item>
      <item path="PessoaJuridica.cpp" ex="false" tool="1" flavor2="0">
      </item>
      <item path="PessoaJuridica.h" ex="false" tool="3" flavor2="0">
      </item>
      <item path="caso1.txt" ex="false" tool="3" flavor2="0">
      </item>
      <item path="caso2.txt" ex="false" tool="3" flavor2="0">
      </item>
      <item path="caso3.txt" ex="false" tool="3" flavor2="0">
      </item>
      <item path="caso4.txt" ex="false" tool="3" flavor2="0">
      </item>
      <item path="main.cpp" ex="false" tool="1" flavor2="0">
      </item>
    </conf>
    <conf name="Release" type="1">
      <toolsSet>
        <compilerSet>default</compilerSet>
        <dependencyChecking>true</dependencyChecking>
        <rebuildPropChanged>false</rebuildPropChanged>
      </toolsSet>
      <compileType>
        <cTool>
          <developmentMode>5</developmentMode>
        </cTool>
        <ccTool>
          <developmentMode>5</developmentMode>
        </ccTool>
        <fortranCompilerTool>
          <developmentMode>5</developmentMode>
        </fortranCompilerTool>
        <asmTool>
          <developmentMode>5</developmentMode>
        </asmTool>
      </compileType>
      <item path="Banco.cpp" ex="false" tool="1" flavor2="0">
      </item>
      <item path="Banco.h" ex="false" tool="3" flavor2="0">
      </item>
      <item path="Cliente.cpp" ex="false" tool="1" flavor2="0">
      </item>
      <item path="Cliente.h" ex="false" tool="3" flavor2="0">
      </item>
      <item path="Conta.cpp" ex="false" tool="1" flavor2="0">
      </item>
      <item path="Conta.h" ex="false" tool="3" flavor2="0">
      </item>
      <item path="ContaCorrente.cpp" ex="false" tool="1" flavor2="0">
      </item>
      <item path="ContaCorrente.h" ex="false" tool="3" flavor2="0">
      </item>
      <item path="ContaPoupanca.cpp" ex="false" tool="1" flavor2="0">
      </item>
      <item path="ContaPoupanca.h" ex="false" tool="3" flavor2="0">
      </item>
      <item path="Data.cpp" ex="false" tool="1" flavor2="0">
      </item>
      <item path="Data.h" ex="false" tool="3" flavor2="0">
      </item>
      <item path="Lancamentos.cpp" ex="false" tool="1" flavor2="0">
      </item>
      <item path="Lancamentos.h" ex="false" tool="3" flavor2="0">
      </item>
      <item path="PessoaFisica.cpp" ex="false" tool="1" flavor2="0">
      </item>
      <item path="PessoaFisica.h" ex="false" tool="3" flavor2="0">
      </item>
      <item path="PessoaJuridica.cpp" ex="false" tool="1" flavor2="0">
      </item>
      <item path="PessoaJuridica.h" ex="false" tool="3" flavor2="0">
      </item>
      <item path="caso1.txt" ex="false" tool="3" flavor2="0">
      </item>
      <item path="caso2.txt" ex="false" tool="3" flavor2="0">
      </item>
      <item path="caso3.txt" ex="false" tool="3" flavor2="0">
      </item>
      <item path="caso4.txt" ex="false" tool="3" flavor2="0">
      </item>
      <item path="main.cpp" ex="false" tool="1" flavor2="0">
      </item>
    </conf>
  </confs>
</configurationDescriptor>
