<?xml version="1.0" encoding="UTF-8"?>
<project-private xmlns="http://www.netbeans.org/ns/project-private/1">
    <data xmlns="http://www.netbeans.org/ns/make-project-private/1">
        <activeConfTypeElem>1</activeConfTypeElem>
        <activeConfIndexElem>0</activeConfIndexElem>
    </data>
    <editor-bookmarks xmlns="http://www.netbeans.org/ns/editor-bookmarks/2" lastBookmarkId="0"/>
    <open-files xmlns="http://www.netbeans.org/ns/projectui-open-files/2">
        <group>
            <file>file:/home/bcc/769783/Programação%20Orientada%20a%20Objetos/coursework02_GabrielPenajo_JoaoBueno_MatheusRamos_MatheusMattioli/caso3.txt</file>
            <file>file:/home/bcc/769783/Programação%20Orientada%20a%20Objetos/coursework02_GabrielPenajo_JoaoBueno_MatheusRamos_MatheusMattioli/Banco.cpp</file>
            <file>file:/home/bcc/769783/Programação%20Orientada%20a%20Objetos/coursework02_GabrielPenajo_JoaoBueno_MatheusRamos_MatheusMattioli/caso4.txt</file>
            <file>file:/home/bcc/769783/Programação%20Orientada%20a%20Objetos/coursework02_GabrielPenajo_JoaoBueno_MatheusRamos_MatheusMattioli/caso2.txt</file>
            <file>file:/home/bcc/769783/Programação%20Orientada%20a%20Objetos/coursework02_GabrielPenajo_JoaoBueno_MatheusRamos_MatheusMattioli/Lancamentos.h</file>
            <file>file:/home/bcc/769783/Programação%20Orientada%20a%20Objetos/coursework02_GabrielPenajo_JoaoBueno_MatheusRamos_MatheusMattioli/caso1.txt</file>
            <file>file:/home/bcc/769783/Programação%20Orientada%20a%20Objetos/coursework02_GabrielPenajo_JoaoBueno_MatheusRamos_MatheusMattioli/main.cpp</file>
        </group>
    </open-files>
</project-private>
